{
    "embed_TightIso_dm10": {
        "alpha": 3.26841, 
        "m_{0}": 43.0981, 
        "sigma": 6.96785, 
        "norm": 0.979699, 
        "n": 125.999
    }, 
    "embed_TightIso_dm0": {
        "alpha": 2.92160, 
        "m_{0}": 36.1756, 
        "sigma": 4.95542, 
        "norm": 0.978395, 
        "n": 5.88833
    }, 
    "embed_TightIso_dm1": {
        "alpha": 2.48953, 
        "m_{0}": 36.5014, 
        "sigma": 3.32623, 
        "norm": 0.971913, 
        "n": 3.53167
    } 
}
