{
	"embed_VlooseIso_dm0": {
		"alpha": 2.262079,
		"m_{0}": 35.967979,
		"sigma": 4.854812,
		"norm": 0.975044,
		"n": 19.316485
	},
	"embed_LooseIso_dm0": {
		"alpha": 2.688024,
		"m_{0}": 36.221667,
		"sigma": 5.018635,
		"norm": 0.978105,
		"n": 8.901427
	},
	"embed_MediumIso_dm0": {
		"alpha": 3.069427,
		"m_{0}": 36.387094,
		"sigma": 5.111239,
		"norm": 0.980505,
		"n": 6.023534
	},
	"embed_TightIso_dm0": {
		"alpha": 2.921601,
		"m_{0}": 36.175581,
		"sigma": 4.955419,
		"norm": 0.978395,
		"n": 5.888326
	},
	"embed_VlooseIso_dm1": {
		"alpha": 2.460025,
		"m_{0}": 36.770509,
		"sigma": 3.478697,
		"norm": 0.972697,
		"n": 3.726232
	},
	"embed_LooseIso_dm1": {
		"alpha": 2.472098,
		"m_{0}": 36.710441,
		"sigma": 3.450960,
		"norm": 0.970833,
		"n": 3.834678
	},
	"embed_MediumIso_dm1": {
		"alpha": 2.540517,
		"m_{0}": 36.650334,
		"sigma": 3.411505,
		"norm": 0.970446,
		"n": 3.647223
	},
	"embed_TightIso_dm1": {
		"alpha": 2.489532,
		"m_{0}": 36.501369,
		"sigma": 3.326232,
		"norm": 0.971913,
		"n": 3.531666
	},
	"embed_VlooseIso_dm10": {
		"alpha": 3.823341,
		"m_{0}": 43.343948,
		"sigma": 7.476504,
		"norm": 0.978318,
		"n": 128.034720
	},
	"embed_LooseIso_dm10": {
		"alpha": 3.477079,
		"m_{0}": 43.089902,
		"sigma": 7.211373,
		"norm": 0.980295,
		"n": 127.014886
	},
	"embed_MediumIso_dm10": {
		"alpha": 3.445632,
		"m_{0}": 43.204800,
		"sigma": 7.151867,
		"norm": 0.980856,
		"n": 127.085471
	},
	"embed_TightIso_dm10": {
		"alpha": 3.268406,
		"m_{0}": 43.098125,
		"sigma": 6.967854,
		"norm": 0.979699,
		"n": 125.999342
	}
}