{
    "data_dm0": {
        "m_{0}": 32.1963,
        "sigma": 1.90046,
        "alpha": 0.167058,
        "n": 100.679, 
        "norm": 0.949998
    },
    "data_dm1": {
        "m_{0}": 34.7928,
        "sigma": 2.50903,
        "alpha": 1.41517,
        "n": 1.78881, 
        "norm": 0.950000 
    },
    "data_dm10": {
        "m_{0}": 38.3079,
        "sigma": 5.07923,
        "alpha": 1.41351,
        "n": 17.9449, 
        "norm": 0.950000
    }
}
